Individual,one_minus_r2,R2,Fitness,Generation,EvalIndex,Status
"[115.41213404736817, 32.92641152826122, 0.1608698361251624]",2.7941305495632993,-1.7941305495632993,2.7941305495632993,0,0,OK
"[154.84791620528085, 143.99944146497535, 0.14981222872230104]",999999.999,-inf,999999.999,0,1,ABAQUS_FAIL(code=0)
"[131.04969683326402, 117.94472714993762, 0.9432885516885083]",999999.999,-inf,999999.999,0,2,ABAQUS_FAIL(code=0)
"[87.79124746128898, 42.44843982497834, 0.8522749777588541]",4.535183961171588,-3.5351839611715876,4.535183961171588,0,3,OK
"[175.77379289269024, 97.3107407015082, 0.48313162862787745]",0.5089740493526059,0.49102595064739407,0.5089740493526059,0,4,OK
"[181.97836536897373, 79.82498166766224, 0.7048335328214765]",0.5577473844941483,0.4422526155058517,0.5577473844941483,0,5,OK
"[162.2917398904427, 104.01700114418742, 0.986576857697417]",999999.999,-inf,999999.999,0,6,ABAQUS_FAIL(code=0)
"[193.54410119743275, 44.67057098996119, 0.24900141256460945]",0.6791880839772186,0.32081191602278136,0.6791880839772186,0,7,OK
"[104.00004539139186, 93.60004085225268, 0.3915359170917137]",999999.999,-inf,999999.999,0,8,ABAQUS_FAIL(code=0)
"[71.17783710506906, 64.06005339456216, 0.2751051168694638]",999999.999,-inf,999999.999,0,9,ABAQUS_FAIL(code=0)
"[119.02623544697114, 88.67519877229995, 0.04599435699210112]",2.9256861949067168,-1.9256861949067168,2.9256861949067168,0,10,OK
"[50.96648604669705, 45.86983744202735, 0.761516821322861]",999999.999,-inf,999999.999,0,11,ABAQUS_FAIL(code=0)
"[190.57613895552058, 29.258331916523588, 0.5710216492500055]",0.42627242648859687,0.5737275735114031,0.42627242648859687,0,12,OK
"[166.59761307991522, 56.72738188936536, 0.4010148606254074]",0.4823762504164659,0.5176237495835341,0.4823762504164659,0,13,OK
"[83.17680957774378, 74.85912861996941, 0.5413280475152774]",999999.999,-inf,999999.999,0,14,ABAQUS_FAIL(code=0)
"[140.4921851162493, 138.93741742578152, 0.6166229689552386]",999999.999,-inf,999999.999,0,15,ABAQUS_FAIL(code=0)
"[134.20252333877215, 65.8560539664773, 0.6634918021323977]",1.8137438662194958,-0.8137438662194958,1.8137438662194958,0,16,OK
"[76.74108544017663, 68.81715495576978, 0.8082240063653707]",999999.999,-inf,999999.999,0,17,ABAQUS_FAIL(code=0)
"[61.62990628214059, 50.40581073375664, 0.0954725125291661]",8.837160700742023,-7.837160700742023,8.837160700742023,0,18,OK
"[95.37568349763455, 85.83811514787111, 0.3430643824593257]",999999.999,-inf,999999.999,0,19,ABAQUS_FAIL(code=0)
"[128.81535031088964, 115.93381527980068, 0.484029274306812]",999999.999,-inf,999999.999,0,20,ABAQUS_FAIL(code=0)
"[69.5971997583537, 62.63747978251833, 0.6391656980022871]",999999.999,-inf,999999.999,0,21,ABAQUS_FAIL(code=0)
"[179.22072064949415, 79.30299566293957, 0.20884812324001217]",0.3717978811325997,0.6282021188674003,0.3717978811325997,0,22,OK
"[80.66903712661919, 72.60213341395728, 0.12075258939862576]",999999.999,-inf,999999.999,0,23,ABAQUS_FAIL(code=0)
"[151.726142308851, 32.92641152826122, 0.1608698361251624]",1.0965552644960446,-0.09655526449604457,1.0965552644960446,0,24,OK
"[118.53388929134098, 112.60719482677393, 0.14981222872230104]",999999.999,-inf,999999.999,0,25,ABAQUS_FAIL(code=0)
"[115.7173279429957, 44.16552094392775, 0.8697322009997747]",2.9978311185828534,-1.9978311185828534,2.9978311185828534,0,26,OK
"[87.79124746128898, 83.40168508822453, 0.9399213460987886]",999999.999,-inf,999999.999,0,27,ABAQUS_FAIL(code=0)
"[175.33834401338765, 97.3107407015082, 0.7179033859534534]",0.6552529704957835,0.34474702950421654,0.6552529704957835,0,28,OK
"[182.4138142137808, 79.82498166766224, 0.4700615254929619]",0.46241271146001106,0.5375872885399889,0.46241271146001106,0,29,OK
"[162.2917398904427, 111.42328437688367, 0.986576857697417]",999999.999,-inf,999999.999,0,30,ABAQUS_FAIL(code=0)
"[196.63719648967037, 29.89140379671619, 0.24900141256460945]",0.7507156339737285,0.24928436602627146,0.7507156339737285,0,31,OK
"[104.00004539139186, 77.4526306551451, 0.3915359170917137]",999999.999,-inf,999999.999,0,32,ABAQUS_FAIL(code=0)
"[71.17783710506906, 62.496748465835715, 0.32147885647021524]",999999.999,-inf,999999.999,0,33,ABAQUS_FAIL(code=0)
"[52.50993067566309, 49.884434141879936, 0.04599435699210112]",9.781887637602768,-8.781887637602768,9.781887637602768,0,34,OK
"[111.21310603713493, 45.86983744202735, 0.761516821322861]",3.592376741586768,-2.592376741586768,3.592376741586768,0,35,OK
"[165.37443049826297, 29.258331916523588, 0.6156952334686896]",0.5413083942028061,0.4586916057971939,0.5413083942028061,0,36,OK
"[191.78434481941332, 56.72738188936536, 0.37687123953055857]",0.45670238093136883,0.5432976190686312,0.45670238093136883,0,37,OK
"[139.28760321877354, 132.32322305783487, 0.620872542843264]",999999.999,-inf,999999.999,0,38,ABAQUS_FAIL(code=0)
"[84.38283460238364, 66.98352210217811, 0.5798883921978327]",999999.999,-inf,999999.999,0,39,ABAQUS_FAIL(code=0)
"[134.20252333877215, 65.8560539664773, 0.6634918021323977]",1.8137438662194958,-0.8137438662194958,1.8137438662194958,0,40,CACHE
"[68.46501368711017, 48.64567936169223, 0.8082240063653707]",999999.999,-inf,999999.999,0,41,ABAQUS_FAIL(code=0)
"[61.62990628214059, 50.40581073375664, 0.3530007468732529]",999999.999,-inf,999999.999,0,42,ABAQUS_FAIL(code=0)
"[95.37568349763455, 85.83811514787111, 0.08566572623172974]",5.47966248470703,-4.47966248470703,5.47966248470703,0,43,OK
"[57.49529888613343, 51.74576899752009, 0.594898106209327]",999999.999,-inf,999999.999,1,44,ABAQUS_FAIL(code=0)
"[153.7718709094559, 64.14859807164122, 0.8396988918372387]",1.018534440795252,-0.018534440795251905,1.018534440795252,1,45,OK
"[125.7707795287192, 26.55179315181871, 0.04162906833918606]",5.468450905948891,-4.468450905948891,5.468450905948891,1,46,OK
"[185.9043205046186, 144.1813607222722, 0.957745606733076]",999999.999,-inf,999999.999,1,47,ABAQUS_FAIL(code=0)
"[179.07616811578671, 77.1534356610026, 0.2120227561577094]",0.3724126403980119,0.6275873596019881,0.3724126403980119,1,48,OK
"[192.18524150332962, 51.24473160681535, 0.42178740085414357]",0.4367242473493792,0.5632757526506208,0.4367242473493792,1,49,OK
"[179.33534221240302, 74.33206728317604, 0.5788496823199765]",0.4897443952089312,0.5102556047910688,0.4897443952089312,1,50,OK
"[167.29038105149468, 35.047442402305045, 0.6367911394942125]",0.5442738931482193,0.4557261068517807,0.5442738931482193,1,51,OK
"[175.33834401338765, 106.25317442055513, 0.7262391184265733]",999999.999,-inf,999999.999,1,52,ABAQUS_FAIL(code=0)
"[197.51508219256283, 26.059280600287423, 0.24067344634659826]",0.8033323858161964,0.19666761418380363,0.8033323858161964,1,53,OK
"[151.726142308851, 32.92641152826122, 0.1723293340027774]",1.062420181965976,-0.062420181965975985,1.062420181965976,1,54,OK
"[134.20252333877215, 65.8560539664773, 0.6521151662440878]",1.8196614072846005,-0.8196614072846005,1.8196614072846005,1,55,OK
"[115.58223186478217, 46.09567973199734, 0.8697322009997747]",2.868803324429653,-1.8688033244296531,2.868803324429653,1,56,OK
"[116.50051216779931, 43.939678653957785, 0.761516821322861]",3.2939185928392813,-2.2939185928392813,3.2939185928392813,1,57,OK
"[92.56105406170374, 85.83811514787111, 0.08566572623172974]",999999.999,-inf,999999.999,1,58,ABAQUS_FAIL(code=0)
"[55.65773164490065, 49.884434141879936, 0.04599435699210112]",9.486333742124717,-8.486333742124717,9.486333742124717,1,59,OK
"[128.81535031088964, 70.27802626644372, 0.484029274306812]",2.2147305749769113,-1.2147305749769113,2.2147305749769113,1,60,OK
"[69.5971997583537, 66.117339770436, 0.6391656980022871]",999999.999,-inf,999999.999,1,61,ABAQUS_FAIL(code=0)
"[80.96665568804728, 62.230999363810675, 0.12075258939862576]",7.058358293597066,-6.058358293597066,7.058358293597066,1,62,OK
"[61.81491936744085, 58.7241733990688, 0.32147885647021524]",999999.999,-inf,999999.999,1,63,ABAQUS_FAIL(code=0)
"[144.349503709984, 132.32322305783487, 0.5294710007365301]",999999.999,-inf,999999.999,1,64,ABAQUS_FAIL(code=0)
"[84.38283460238364, 66.98352210217811, 0.6218791410281543]",999999.999,-inf,999999.999,1,65,ABAQUS_FAIL(code=0)
"[165.83856308615174, 30.260944719027528, 0.5612867865666716]",0.5298243911442727,0.4701756088557273,0.5298243911442727,1,66,OK
"[191.32999906600338, 55.76833402721478, 0.4010148606254074]",0.427883749864471,0.572116250135529,0.427883749864471,1,67,OK
"[94.2528864223085, 39.665035771191015, 0.5535749034383144]",5.627990784050828,-4.627990784050828,5.627990784050828,2,68,OK
"[132.3105458942741, 69.17664831789128, 0.8821715405341856]",999999.999,-inf,999999.999,2,69,ABAQUS_FAIL(code=0)
"[68.73485039830717, 61.861365358476455, 0.9013883582421994]",999999.999,-inf,999999.999,2,70,ABAQUS_FAIL(code=0)
"[56.066745761071594, 50.460071184964434, 0.8318048346617357]",999999.999,-inf,999999.999,2,71,ABAQUS_FAIL(code=0)
"[169.58036748419713, 77.1534356610026, 0.2120227561577094]",0.3398853149755354,0.6601146850244646,0.3398853149755354,2,72,OK
"[190.52382530698944, 55.76833402721478, 0.4010148606254074]",0.4143383433438783,0.5856616566561217,0.4143383433438783,2,73,OK
"[179.35173553783002, 74.9303188984899, 0.42178740085414357]",0.4281939595734813,0.5718060404265187,0.4281939595734813,2,74,OK
"[192.16880221492653, 40.2081368947117, 0.5788496823199765]",0.4562027258905468,0.5437972741094532,0.4562027258905468,2,75,OK
"[146.12934011971976, 33.19214680329668, 0.6472874542689511]",1.2081600820075589,-0.20816008200755887,1.2081600820075589,2,76,OK
"[155.80339622101275, 28.38395004944955, 0.24067344634659826]",0.6724510545120257,0.3275489454879743,0.6724510545120257,2,77,OK
"[195.65362594123806, 64.91906862038688, 0.8396988918372387]",0.6971204787202323,0.3028795212797677,0.6971204787202323,2,78,OK
"[155.6570406714655, 32.92641152826122, 0.1723293340027774]",1.023513901353214,-0.023513901353213962,1.023513901353214,2,79,OK
"[135.54571499923912, 66.11654299917252, 0.6521151662440878]",1.7156944171460076,-0.7156944171460076,1.7156944171460076,2,80,OK
"[115.21505397440616, 47.12610785378197, 0.862429910611035]",2.885409335930967,-1.8854093359309672,2.885409335930967,2,81,OK
"[147.67860741665407, 69.24760569355801, 0.5379554005104535]",1.1474770065258446,-0.1474770065258446,1.1474770065258446,2,82,OK
"[116.50051216779931, 28.16163950012219, 0.761516821322861]",3.304356766943818,-2.304356766943818,3.304356766943818,2,83,OK
"[116.7739580639803, 26.55179315181871, 0.04162906833918606]",5.709989057536241,-4.709989057536241,5.709989057536241,2,84,OK
"[55.50936589815875, 52.73389760325081, 0.047368159468367]",9.323589649998938,-8.323589649998938,9.323589649998938,2,85,OK
"[81.12792825272942, 49.884434141879936, 0.04502591320843882]",6.725490231752194,-5.725490231752194,6.725490231752194,2,86,OK
"[55.192769277411564, 52.433130813540984, 0.594898106209327]",999999.999,-inf,999999.999,2,87,ABAQUS_FAIL(code=0)
"[192.6690843689255, 79.30299566293957, 0.6271948285943812]",0.5913344041283344,0.4086655958716656,0.5913344041283344,2,88,OK
"[177.12730956371678, 29.258331916523588, 0.15276304591689926]",1.1456079650927542,-0.1456079650927542,1.1456079650927542,2,89,OK
"[175.5606668917486, 61.31364762686105, 0.983275536042422]",0.6096318601571306,0.39036813984286944,0.6096318601571306,3,90,OK
"[95.63143212676326, 86.06828891408693, 0.24209333680361603]",999999.999,-inf,999999.999,3,91,ABAQUS_FAIL(code=0)
"[59.40998427084911, 53.4689858437642, 0.6911987480196438]",999999.999,-inf,999999.999,3,92,ABAQUS_FAIL(code=0)
"[169.82792728251206, 70.39405155868602, 0.5316990430078814]",0.5241351739218928,0.4758648260781072,0.5241351739218928,3,93,OK
"[169.58036748419713, 51.71375507031088, 0.2089493134826631]",0.5103594607793883,0.4896405392206117,0.5103594607793883,3,94,OK
"[191.85743730532565, 77.97681132229016, 0.40408830503305093]",0.44485794893767994,0.5551420510623201,0.44485794893767994,3,95,OK
"[175.19379901109795, 78.3654078725705, 0.588519057750363]",0.5064431687091522,0.4935568312908478,0.5064431687091522,3,96,OK
"[192.16880221492653, 36.777508507596096, 0.41211802542374115]",0.4628599147054513,0.5371400852945487,0.4628599147054513,3,97,OK
"[165.83856308615174, 30.260944719027528, 0.5612867865666716]",0.5298243911442727,0.4701756088557273,0.5298243911442727,3,98,CACHE
"[192.6690843689255, 85.81348418031496, 0.6271948285943812]",0.6121721679541303,0.3878278320458697,0.6121721679541303,3,99,OK
"[195.65362594123806, 67.90401448249159, 0.8396988918372387]",0.6891258884485024,0.3108741115514976,0.6891258884485024,3,100,OK
"[174.93738045857341, 32.95346396670135, 0.17258701140953334]",0.8771029623371887,0.12289703766281135,0.8771029623371887,3,101,OK
"[157.84696965816264, 29.23127949502586, 0.15250536851014332]",1.1258151521658668,-0.1258151521658668,1.1258151521658668,3,102,OK
"[147.67860741665407, 69.95528216347466, 0.5407155494894139]",1.1449994915849906,-0.1449994915849906,1.1449994915849906,3,103,OK
"[146.12934011971976, 32.49712521451845, 0.6445273052899817]",1.2000477334403814,-0.2000477334403814,1.2000477334403814,3,104,OK
"[115.67370333981835, 47.46075565657955, 0.6521151662440878]",3.3365473719897585,-2.3365473719897585,3.3365473719897585,3,105,OK
"[135.08706563382665, 65.78189525323036, 0.862429910611035]",1.2674877280511374,-0.2674877280511374,1.2674877280511374,3,106,OK
"[91.52159788182338, 31.761728128105858, 0.7464345632994069]",5.879711810421538,-4.879711810421538,5.879711810421538,3,107,OK
"[118.64757505023789, 38.77474490876382, 0.7232489254157844]",3.0910670336126405,-2.0910670336126405,3.0910670336126405,3,108,OK
"[63.16078567726932, 61.861365358476455, 0.9013883582421994]",999999.999,-inf,999999.999,3,109,ABAQUS_FAIL(code=0)
"[169.1228890253763, 82.85448343175793, 0.21213895804713356]",0.3526991169480267,0.6473008830519733,0.3526991169480267,3,110,OK
"[179.0804424463346, 77.1534356610026, 0.20873192135058805]",0.3783170087370966,0.6216829912629034,0.3783170087370966,3,111,OK
"[87.66769523641096, 78.90092571276988, 0.04400666287024845]",6.264840619552128,-5.264840619552128,6.264840619552128,4,112,OK
"[103.82409799716254, 59.987771194876764, 0.060268275186716055]",4.362276807515268,-3.3622768075152676,4.362276807515268,4,113,OK
"[189.32243603522065, 106.88701825509561, 0.7529848168719464]",999999.999,-inf,999999.999,4,114,ABAQUS_FAIL(code=0)
"[184.20952661230677, 25.191781951007997, 0.517454849172344]",0.34526532743527993,0.6547346725647201,0.34526532743527993,4,115,OK
"[187.15719327462315, 82.85448343175793, 0.21213895804713356]",0.47923394726900725,0.5207660527309927,0.47923394726900725,4,116,OK
"[174.75144594791698, 77.1534356610026, 0.2445589617590439]",0.3064409465844339,0.6935590534155661,0.3064409465844339,4,117,OK
"[191.33843184432016, 38.272501497523805, 0.4093320888048743]",0.4339106422915958,0.5660893577084042,0.4339106422915958,4,118,OK
"[179.4299752072274, 79.1041953747285, 0.24482931786484316]",0.31400818759459215,0.6859918124054079,0.31400818759459215,4,119,OK
"[169.41823971909227, 51.58398392635819, 0.5904126590584913]",0.5202390471534456,0.4797609528465544,0.5202390471534456,4,120,OK
"[165.70425613384182, 70.39405155868602, 0.5316990430078814]",0.5936673795170035,0.40633262048299645,0.5936673795170035,4,121,OK
"[167.43281766377862, 30.260944719027528, 0.5612867865666716]",0.5025229157846638,0.4974770842153362,0.5025229157846638,4,122,OK
"[175.5606668917486, 61.31364762686105, 0.9511734004428585]",0.5727712832392288,0.42722871676077123,0.5727712832392288,4,123,OK
"[193.01223969472846, 85.81348418031496, 0.6271948285943812]",0.6151177845918743,0.3848822154081257,0.6151177845918743,4,124,OK
"[156.63969131021062, 67.64125930525483, 0.24067344634659826]",0.6213802906997037,0.3786197093002963,0.6213802906997037,4,125,OK
"[194.77364588574235, 28.724866600594158, 0.8396988918372387]",0.5831622454401998,0.4168377545598002,0.5831622454401998,4,126,OK
"[176.08437418080445, 32.95346396670135, 0.17258701140953334]",0.869762002566973,0.130237997433027,0.869762002566973,4,127,OK
"[156.69997591850904, 29.23127949502586, 0.15250536851014332]",1.127751004579218,-0.12775100457921806,1.127751004579218,4,128,OK
"[135.98199258750043, 32.49712521451845, 0.6445273052899817]",1.6889972174538777,-0.6889972174538777,1.6889972174538777,4,129,OK
"[135.08706563382665, 68.46935559241368, 0.8523561365647616]",1.1433173246212034,-0.1433173246212034,1.1433173246212034,4,130,OK
"[104.99765705319196, 38.77474490876382, 0.7153478915620505]",4.410302653180795,-3.4103026531807954,4.410302653180795,4,131,OK
"[169.58036748419713, 77.1534356610026, 0.21001901518807667]",0.3409463583996125,0.6590536416003875,0.3409463583996125,4,132,OK
"[69.69324251561042, 62.72391826404938, 0.6776466113801922]",999999.999,-inf,999999.999,5,133,ABAQUS_FAIL(code=0)
"[105.28640910425322, 30.724953634823333, 0.5702618805208935]",4.4139777478225115,-3.4139777478225115,4.4139777478225115,5,134,OK
"[175.9310386843063, 54.93363856026002, 0.7720504603883505]",0.516008704152173,0.48399129584782696,0.516008704152173,5,135,OK
"[153.25779398332816, 110.57555592437112, 0.021290209441581727]",1.9204364196443973,-0.9204364196443973,1.9204364196443973,5,136,OK
"[180.5232728495605, 64.6525098583862, 0.24782390532684528]",0.4052306354672316,0.5947693645327684,0.4052306354672316,5,137,OK
"[155.43837795107265, 74.55208440002548, 0.1871285123919332]",0.6087102229224276,0.3912897770775724,0.6087102229224276,5,138,OK
"[200.0, 70.36780718598868, 0.3003854470053386]",0.7149067136650791,0.2850932863349209,0.7149067136650791,5,139,OK
"[142.29166483967535, 86.5171501590706, 0.18841398194992243]",1.2644727430106024,-0.2644727430106024,1.2644727430106024,5,140,OK
"[174.75144594791698, 77.1534356610026, 0.2445589617590439]",0.3064409465844339,0.6935590534155661,0.3064409465844339,5,141,CACHE
"[179.22072064949415, 78.69013734757586, 0.20884812324001217]",0.3746688472242814,0.6253311527757186,0.3746688472242814,5,142,OK
"[191.33843184432016, 38.88557207372786, 0.4093320888048743]",0.42522268254080986,0.5747773174591901,0.42522268254080986,5,143,OK
"[191.85743730532565, 82.92742053911223, 0.21609540188243534]",0.575571049745779,0.424428950254221,0.575571049745779,5,144,OK
"[186.5352884860996, 77.90387421493585, 0.40013186122033595]",0.4127093970991328,0.5872906029008672,0.4127093970991328,5,145,OK
"[172.7792381734943, 50.692835679031916, 0.5514631224790305]",0.4676539650602707,0.5323460349397293,0.4676539650602707,5,146,OK
"[167.4118507212743, 31.15259169987167, 0.5904126590584913]",0.5017347013969751,0.49826529860302493,0.5017347013969751,5,147,OK
"[175.5606668917486, 61.31364762686105, 0.9511734004428585]",0.5727712832392288,0.42722871676077123,0.5727712832392288,5,148,CACHE
"[194.77364588574235, 28.724866600594158, 0.8396988918372387]",0.5831622454401998,0.4168377545598002,0.5831622454401998,5,149,CACHE
"[161.97883562113293, 70.39405155868602, 0.5055866939178606]",0.6672655297668375,0.3327344702331625,0.6672655297668375,5,150,OK
"[156.63969131021062, 70.70626080909308, 0.24067344634659826]",0.5887759057056768,0.41122409429432316,0.5887759057056768,5,151,OK
"[176.08437418080445, 32.95346396670135, 0.17258701140953334]",0.869762002566973,0.130237997433027,0.869762002566973,5,152,CACHE
"[156.69997591850904, 30.612097335098362, 0.15250536851014332]",1.1947245849379613,-0.1947245849379613,1.1947245849379613,5,153,OK
"[169.58036748419713, 77.1534356610026, 0.2120227561577094]",0.3398853149755354,0.6601146850244646,0.3398853149755354,5,154,CACHE
"[169.1228890253763, 79.22827971436264, 0.20877053194316023]",0.3487295402134194,0.6512704597865806,0.3487295402134194,5,155,OK
"[179.22072064949415, 82.92919938033485, 0.2122165493439855]",0.3536489120638966,0.6463510879361034,0.3536489120638966,5,156,OK
"[66.32210974411963, 59.68989876970767, 0.6625085905781537]",999999.999,-inf,999999.999,6,157,ABAQUS_FAIL(code=0)
"[174.75144594791698, 71.59803129151376, 0.1747608506007995]",0.50993152029672,0.49006847970328005,0.50993152029672,6,158,OK
"[179.4299752072274, 79.1041953747285, 0.24482931786484316]",0.31400818759459215,0.6859918124054079,0.31400818759459215,6,159,CACHE
"[184.20952661230677, 25.191781951007997, 0.517454849172344]",0.34526532743527993,0.6547346725647201,0.34526532743527993,6,160,CACHE
"[174.40607466094326, 79.22827971436264, 0.20877053194316023]",0.33756960485902976,0.6624303951409702,0.33756960485902976,6,161,OK
"[179.22072064949415, 82.92919938033485, 0.17265927784932103]",0.4593706520386076,0.5406293479613924,0.4593706520386076,6,162,OK
"[186.43569331327507, 81.64208731118572, 0.20884812324001217]",0.47328585204705353,0.5267141479529465,0.47328585204705353,6,163,OK
"[180.5232728495605, 78.83271103762699, 0.24782390532684528]",0.31967060947222325,0.6803293905277767,0.31967060947222325,6,164,OK
"[186.5352884860996, 63.72367303569507, 0.40013186122033595]",0.34112713720787635,0.6588728627921236,0.34112713720787635,6,165,OK
"[191.33843184432016, 38.88557207372786, 0.40397364761241333]",0.44398666622319005,0.55601333377681,0.44398666622319005,6,166,OK
"[172.7792381734943, 50.692835679031916, 0.5280866175600211]",0.45066146332450985,0.5493385366754902,0.45066146332450985,6,167,OK
"[167.4118507212743, 31.15259169987167, 0.5898901985079256]",0.5011781377140613,0.4988218622859387,0.5011781377140613,6,168,OK
"[175.9310386843063, 54.93363856026002, 0.7720504603883505]",0.516008704152173,0.48399129584782696,0.516008704152173,6,169,CACHE
"[172.0535590139425, 61.31364762686105, 0.8721737734154063]",0.6039337810153182,0.39606621898468175,0.6039337810153182,6,170,OK
"[191.85743730532565, 78.58530642098897, 0.2103152308606842]",0.5874044851004934,0.41259551489950663,0.5874044851004934,6,171,OK
"[194.77364588574235, 39.871849160536584, 0.24352689301322994]",0.6918777491875587,0.30812225081244127,0.6918777491875587,6,172,OK
"[174.75144594791698, 75.38155067591093, 0.8410362531308692]",0.5883732954617603,0.4116267045382397,0.5883732954617603,6,173,OK
"[179.22860488694243, 79.1041953747285, 0.24454687126001642]",0.31303504167837737,0.6869649583216226,0.31303504167837737,6,174,OK
"[167.2596843586063, 77.1534356610026, 0.22243128372190665]",0.36744219948900425,0.6325578005109957,0.36744219948900425,6,175,OK
"[58.45896695415161, 54.43469261288125, 0.3663588354165299]",999999.999,-inf,999999.999,7,176,ABAQUS_FAIL(code=0)
"[169.41963244107592, 80.89194447250395, 0.20877053194316023]",0.3472888574261551,0.6527111425738449,0.3472888574261551,7,177,OK
"[186.5352884860996, 63.72367303569507, 0.40013186122033595]",0.34112713720787635,0.6588728627921236,0.34112713720787635,7,178,CACHE
"[184.20952661230677, 25.18907863113672, 0.5462098780186265]",0.38629600507551365,0.6137039949244864,0.38629600507551365,7,179,OK
"[167.7785289330025, 77.24344529184985, 0.22243128372190665]",0.3611665236388575,0.6388334763611425,0.3611665236388575,7,180,OK
"[190.81957705219656, 38.79558132167629, 0.40397364761241333]",0.436977511016697,0.563022488983303,0.436977511016697,7,181,OK
"[173.21009417227268, 51.43088283845937, 0.5280866175600211]",0.4491776566125507,0.5508223433874493,0.4491776566125507,7,182,OK
"[178.78986465071577, 82.19115222642381, 0.17265927784932103]",0.4578579055682639,0.5421420944317361,0.4578579055682639,7,183,OK
"[187.32291387025688, 81.64208731118572, 0.20884812324001217]",0.49071679905849186,0.5092832009415081,0.49071679905849186,7,184,OK
"[168.21474688724322, 31.15259169987167, 0.5898901985079256]",0.4896211634014783,0.5103788365985217,0.4896211634014783,7,185,OK
"[166.89859514373185, 71.33716586633534, 0.1747608506007995]",0.4910704672785766,0.5089295327214234,0.4910704672785766,7,186,OK
"[175.9310386843063, 55.1945039854385, 0.7720504603883505]",0.5159935188474062,0.4840064811525938,0.5159935188474062,7,187,OK
"[174.4530485662441, 78.58437881177551, 0.2109642261478487]",0.3360277891226655,0.6639722108773345,0.3360277891226655,7,188,OK
"[192.15583268745067, 77.15436327021607, 0.21016977988833535]",0.6008420856423475,0.39915791435765247,0.6008420856423475,7,189,OK
"[174.75144594791698, 77.18784828257004, 0.2445589617590439]",0.30645912891770066,0.6935408710822993,0.30645912891770066,7,190,OK
"[173.852103794536, 79.06978275316105, 0.24482931786484316]",0.3072037550004406,0.6927962449995594,0.3072037550004406,7,191,OK
"[169.2461546795488, 75.73435438149366, 0.7447314922328436]",0.6223398723268009,0.3776601276731991,0.6223398723268009,8,192,OK
"[174.69207708554742, 77.18784828257004, 0.2445589617590439]",0.3065951117878497,0.6934048882121503,0.3065951117878497,8,193,OK
"[173.91147265690554, 78.7012031859146, 0.24482931786484316]",0.3060797622954772,0.6939202377045228,0.3060797622954772,8,194,OK
"[185.61643500489373, 79.1041953747285, 0.24454687126001642]",0.38939935698485484,0.6106006430151452,0.38939935698485484,8,195,OK
"[180.5232728495605, 78.83271103762699, 0.26769034212507514]",0.3099821101146153,0.6900178898853847,0.3099821101146153,8,196,OK
"[174.07574941179686, 79.5715776739545, 0.2109642261478487]",0.3326328449387821,0.6673671550612179,0.3326328449387821,8,197,OK
"[169.58036748419713, 77.1534356610026, 0.20989704444988144]",0.34082551577953213,0.6591744842204679,0.34082551577953213,8,198,OK
"[169.58036748419713, 77.1534356610026, 0.21214472689590463]",0.3397383131249567,0.6602616868750433,0.3397383131249567,8,199,OK
"[189.656934729725, 80.62769689110524, 0.40013186122033595]",0.4301704363389338,0.5698295636610662,0.4301704363389338,8,200,OK
"[169.41963244107592, 63.987920617093785, 0.20877053194316023]",0.41438401089518706,0.5856159891048129,0.41438401089518706,8,201,OK
"[167.7785289330025, 77.24344529184985, 0.5478757741403948]",0.5785172707757161,0.42148272922428387,0.5785172707757161,8,202,OK
"[184.20952661230677, 25.18907863113672, 0.24726838390129918]",0.7073208380628403,0.2926791619371597,0.7073208380628403,8,203,OK
"[190.81957705219656, 38.79558132167629, 0.40397364761241333]",0.436977511016697,0.563022488983303,0.436977511016697,8,204,CACHE
"[173.21009417227268, 51.43088283845937, 0.5280866175600211]",0.4491776566125507,0.5508223433874493,0.4491776566125507,8,205,CACHE
"[178.78986465071577, 82.19115222642381, 0.19764844450375044]",0.37979657407960987,0.6202034259203901,0.37979657407960987,8,206,OK
"[175.09536298165958, 81.5847334740046, 0.20884812324001217]",0.3331841139730105,0.6668158860269895,0.3331841139730105,8,207,OK
"[186.9789968364762, 77.21078949818374, 0.2445589617590439]",0.4242950078289873,0.5757049921710127,0.4242950078289873,8,208,OK
"[66.16067583344518, 59.544608250100666, 0.245707375642175]",999999.999,-inf,999999.999,9,209,ABAQUS_FAIL(code=0)
"[174.85344041779985, 77.26003877369298, 0.2445589617590439]",0.30583250064338807,0.6941674993566119,0.30583250064338807,9,210,OK
"[180.3619095173081, 78.76052054650405, 0.26769034212507514]",0.3086521463374745,0.6913478536625255,0.3086521463374745,9,211,OK
"[179.4411424881947, 79.1041953747285, 0.24454279999754314]",0.3142775650476153,0.6857224349523847,0.3142775650476153,9,212,OK
"[179.21743760597508, 79.1041953747285, 0.15613964100633337]",0.5325940581623335,0.4674059418376665,0.5325940581623335,9,213,OK
"[174.07574941179686, 79.5715776739545, 0.20872960496573992]",0.3359692058917234,0.6640307941082766,0.3359692058917234,9,214,OK
"[175.09536298165958, 81.5847334740046, 0.21108274442212097]",0.33029313700284835,0.6697068629971517,0.33029313700284835,9,215,OK
"[169.58036748419713, 77.1534356610026, 0.23166637757630532]",0.3446065939752281,0.6553934060247719,0.3446065939752281,9,216,OK
"[169.58036748419713, 77.1534356610026, 0.20989704444988144]",0.34082551577953213,0.6591744842204679,0.34082551577953213,9,217,CACHE
"[185.61472349491336, 82.19115222642381, 0.19727605718839988]",0.48585460945808334,0.5141453905419167,0.48585460945808334,9,218,OK
"[178.7915761606961, 79.1041953747285, 0.24491925857536698]",0.3099547313487221,0.6900452686512779,0.3099547313487221,9,219,OK
"[167.83725390036625, 64.00606642405322, 0.20974776297618283]",0.4181442498958565,0.5818557501041435,0.4181442498958565,9,220,OK
"[188.56137534081202, 77.1926436912243, 0.24358173072602127]",0.45894936783815576,0.5410506321618442,0.45894936783815576,9,221,OK
"[189.6420245173695, 37.89392209056351, 0.40384749967910755]",0.41715690452897736,0.5828430954710226,0.41715690452897736,9,222,OK
"[190.83448726455205, 81.52938523980949, 0.4002580091536418]",0.443538875938706,0.556461124061294,0.443538875938706,9,223,OK
"[173.21009417227268, 51.43088283845937, 0.524819069142525]",0.44676037141546054,0.5532396285845395,0.44676037141546054,9,224,OK
"[174.75144594791698, 77.1534356610026, 0.29394216572393583]",0.3300508879666124,0.6699491120333876,0.3300508879666124,9,225,OK
"[174.75144594791698, 77.18769483124484, 0.2445589617590439]",0.306329434743295,0.693670565256705,0.306329434743295,9,226,OK
"[174.75144594791698, 77.15358911232781, 0.2445589617590439]",0.3065275601549333,0.6934724398450667,0.3065275601549333,9,227,OK
"[139.49091693463083, 125.54182524116776, 0.456659931603929]",999999.999,-inf,999999.999,10,228,ABAQUS_FAIL(code=0)
"[173.48166271003706, 125.69224505963082, 0.2010554971763984]",0.44478174573500695,0.555218254264993,0.44478174573500695,10,229,OK
"[185.38878490991286, 75.2869668554944, 0.3466479465726371]",0.3590669504797499,0.6409330495202501,0.3590669504797499,10,230,OK
"[189.512409199001, 85.3529531248059, 0.18172252729789354]",0.573047155578852,0.426952844421148,0.573047155578852,10,231,OK
"[180.22626276282043, 75.8816514027262, 0.2795901485459592]",0.29710511586461175,0.7028948841353883,0.29710511586461175,10,232,OK
"[174.85344041779985, 77.26003877369298, 0.2445589617590439]",0.30583250064338807,0.6941674993566119,0.30583250064338807,10,233,CACHE
"[174.75144594791698, 77.1534356610026, 0.2445589617590439]",0.3064409465844339,0.6935590534155661,0.3064409465844339,10,234,CACHE
"[174.75144594791698, 77.10097039844948, 0.24462064831865651]",0.30672239056552497,0.693277609434475,0.30672239056552497,10,235,OK
"[180.3619095173081, 78.8131392603824, 0.2676286555654625]",0.3090762543649552,0.6909237456350448,0.3090762543649552,10,236,OK
"[178.77886783361367, 79.1041953747285, 0.24453295584622012]",0.31024553795745446,0.6897544620425455,0.31024553795745446,10,237,OK
"[179.45385081527712, 79.1041953747285, 0.24492910272669002]",0.3138602059327933,0.6861397940672067,0.3138602059327933,10,238,OK
"[174.75144594791698, 77.1534356610026, 0.29394216572393583]",0.3300508879666124,0.6699491120333876,0.3300508879666124,10,239,CACHE
"[175.09536298165958, 81.5847334740046, 0.21108274442212097]",0.33029313700284835,0.6697068629971517,0.33029313700284835,10,240,CACHE
"[174.07574941179686, 77.2264160257688, 0.20872960496573992]",0.33577583909022446,0.6642241609097755,0.33577583909022446,10,241,OK
"[169.58036748419713, 79.49859730918831, 0.20989704444988144]",0.3457458943091054,0.6542541056908946,0.3457458943091054,10,242,OK
"[192.7822462319888, 77.1534356610026, 0.23315150433708826]",0.5822934509938672,0.4177065490061328,0.5822934509938672,10,243,OK
"[169.75813466908482, 37.89392209056351, 0.4023623729183248]",0.3871903490587265,0.6128096509412735,0.3871903490587265,10,244,OK
"[178.8217117912343, 77.1534356610026, 0.27339762655143585]",0.2971983023922884,0.7028016976077116,0.2971983023922884,10,245,OK
"[176.76667232486312, 77.1534356610026, 0.2445589617590439]",0.307253578965206,0.692746421034794,0.307253578965206,10,246,OK
"[155.91647974038295, 61.43767736085549, 0.8107145731393945]",0.9024889505130529,0.09751104948694711,0.9024889505130529,11,247,OK
"[178.82113935718021, 75.89254185945748, 0.2736475356055533]",0.2939753052239077,0.7060246947760923,0.2939753052239077,11,248,OK
"[180.22683519687448, 77.14254520427133, 0.2793402394918417]",0.30157509014470785,0.6984249098552922,0.30157509014470785,11,249,OK
"[173.8749268662871, 77.26003877369298, 0.24482545936356287]",0.3083820512600025,0.6916179487399975,0.3083820512600025,11,250,OK
"[174.88998620841832, 78.7012031859146, 0.24456282026032422]",0.30338744049926814,0.6966125595007319,0.30338744049926814,11,251,OK
"[173.91147265690554, 73.66148413148555, 0.24482931786484316]",0.3190741237236885,0.6809258762763115,0.3190741237236885,11,252,OK
"[181.3870024128158, 77.1534356610026, 0.2550085960367432]",0.3214783926215661,0.6785216073784339,0.3214783926215661,11,253,OK
"[174.75144594791698, 77.1534356610026, 0.2445589617590439]",0.3064409465844339,0.6935590534155661,0.3064409465844339,11,254,CACHE
"[174.67237742195096, 77.10097039844948, 0.2445624178227645]",0.30723194371870255,0.6927680562812975,0.30723194371870255,11,255,OK
"[176.84574085082915, 77.1534356610026, 0.2446171922549359]",0.30757430453267953,0.6924256954673205,0.30757430453267953,11,256,OK
"[178.77006478496062, 78.81096581297508, 0.2676286555654625]",0.3031266171602688,0.6968733828397312,0.3031266171602688,11,257,OK
"[183.4576988726563, 80.75680089577284, 0.24453295584622012]",0.35598816957974744,0.6440118304202526,0.35598816957974744,11,258,OK
"[174.5410154279038, 79.10303097549935, 0.24665493155746926]",0.30477587625863933,0.6952241237413607,0.30477587625863933,11,259,OK
"[179.6642813352903, 77.15460006023174, 0.29221633689315657]",0.30654640289513135,0.6934535971048686,0.30654640289513135,11,260,OK
"[174.06475205258295, 81.5847334740046, 0.21108274442212097]",0.3275962143707962,0.6724037856292038,0.3275962143707962,11,261,OK
"[175.1063603408735, 77.2264160257688, 0.20872960496573992]",0.34212201847251333,0.6578779815274867,0.34212201847251333,11,262,OK
"[173.91147265690554, 78.7012031859146, 0.24483059785313488]",0.3061241598388733,0.6938758401611267,0.3061241598388733,11,263,OK
"[174.75144594791698, 77.18769483124484, 0.2445576817707522]",0.3064602753110859,0.6935397246889141,0.3064602753110859,11,264,OK
"[172.1357537321558, 26.51384043769242, 0.38685744414851525]",0.3569098984872787,0.6430901015127213,0.3569098984872787,12,265,OK
"[180.23799977677243, 75.90095182041037, 0.27366222452468875]",0.3000303341072006,0.6999696658927994,0.3000303341072006,12,266,OK
"[178.80997477728226, 77.13413524331844, 0.2793255505727063]",0.29839883166035364,0.7016011683396464,0.29839883166035364,12,267,OK
"[178.77006478496062, 78.81096581297508, 0.2676286555654625]",0.3031266171602688,0.6968733828397312,0.3031266171602688,12,268,CACHE
"[174.88998620841832, 78.7012031859146, 0.24456282026032422]",0.30338744049926814,0.6966125595007319,0.30338744049926814,12,269,CACHE
"[174.85830983814753, 79.10303097549935, 0.24665493155746926]",0.30377429889382146,0.6962257011061785,0.30377429889382146,12,270,OK
"[174.5361460075561, 77.26003877369298, 0.2445589617590439]",0.3065953668022878,0.6934046331977122,0.3065953668022878,12,271,OK
"[173.91147265690554, 78.7012031859146, 0.24482931786484316]",0.3060797622954772,0.6939202377045228,0.3060797622954772,12,272,CACHE
"[173.91147265690554, 78.7012031859146, 0.24483059785313488]",0.3061241598388733,0.6938758401611267,0.3061241598388733,12,273,CACHE
"[176.78890850523328, 80.93060707120685, 0.2510007140967024]",0.3083171830666407,0.6916828169333593,0.3083171830666407,12,274,OK
"[174.72920976754682, 77.1534356610026, 0.2446171922549359]",0.30652596931501264,0.6934740306849874,0.30652596931501264,12,275,OK
"[173.8749268662871, 77.25580793850932, 0.24482935161347819]",0.3085101283951205,0.6914898716048795,0.3085101283951205,12,276,OK
"[173.91147265690554, 73.66571496666921, 0.24482542561492782]",0.31905854024192115,0.6809414597580788,0.31905854024192115,12,277,OK
"[178.8217117912343, 77.1534356610026, 0.2733251584944567]",0.2972602457494674,0.7027397542505326,0.2972602457494674,12,278,OK
"[174.85344041779985, 77.26003877369298, 0.2445589617590439]",0.30583250064338807,0.6941674993566119,0.30583250064338807,12,279,CACHE
"[174.85344041779985, 77.26003877369298, 0.2445589617590439]",0.30583250064338807,0.6941674993566119,0.30583250064338807,12,280,CACHE
"[165.74976343955194, 90.65903064142987, 0.07157969047143778]",1.076305790087171,-0.07630579008717109,1.076305790087171,13,281,OK
"[180.22626276282043, 75.8816514027262, 0.2752195039634615]",0.2989357060758605,0.7010642939241395,0.2989357060758605,13,282,OK
"[180.22374578032174, 77.13413524331844, 0.27936354293317317]",0.30131400282656307,0.6986859971734369,0.30131400282656307,13,283,OK
"[178.82422877373295, 75.90095182041037, 0.2736242321642219]",0.29403275918001537,0.7059672408199846,0.29403275918001537,13,284,OK
"[178.80611169121107, 78.81096581297508, 0.2676286555654625]",0.3035682095361042,0.6964317904638958,0.3035682095361042,13,285,OK
"[174.85393930216787, 78.7012031859146, 0.24456282026032422]",0.3034079777150629,0.6965920222849371,0.3034079777150629,13,286,OK
"[174.85830983814753, 79.10303097549935, 0.2466934621655989]",0.3042324431857826,0.6957675568142174,0.3042324431857826,13,287,OK
"[174.85344041779985, 77.26003877369298, 0.24452043115091426]",0.3060026416070596,0.6939973583929404,0.3060026416070596,13,288,OK
"[174.85344041779985, 81.41407331220395, 0.2857371370468892]",0.3490653778880254,0.6509346221119746,0.3490653778880254,13,289,OK
"[173.91147265690554, 78.7012031859146, 0.24483121541416764]",0.3060947159844123,0.6939052840155877,0.3060947159844123,13,290,OK
"[173.91147265690554, 78.71431184505191, 0.24483059785313488]",0.3061006346306274,0.6938993653693726,0.3061006346306274,13,291,OK
"[174.75144594791698, 77.17458617210751, 0.2445589617590439]",0.3063228541884081,0.6936771458115919,0.3063228541884081,13,292,OK
"[174.75144594791698, 77.1534356610026, 0.2445589617590439]",0.3064409465844339,0.6935590534155661,0.3064409465844339,13,293,CACHE
"[174.75144594791698, 76.08349955669298, 0.2445576817707522]",0.31278895948091223,0.6872110405190878,0.31278895948091223,13,294,OK
"[179.7875036206631, 77.1534356610026, 0.2446171922549359]",0.323507439009187,0.676492560990813,0.323507439009187,13,295,OK
"[174.60598748217402, 77.15460006023174, 0.29221633689315657]",0.328806876581332,0.671193123418668,0.328806876581332,13,296,OK
"[180.22735784687524, 75.89254185945748, 0.2795492582232885]",0.2972657390415083,0.7027342609584917,0.2972657390415083,13,297,OK
"[178.8200442731254, 75.8816514027262, 0.273688425928224]",0.2939391951468071,0.7060608048531929,0.2939391951468071,13,298,OK
"[178.8217117912343, 77.1534356610026, 0.27339762655143585]",0.2971983023922884,0.7028016976077116,0.2971983023922884,13,299,CACHE
"[180.22683519687448, 77.14254520427133, 0.2793402394918417]",0.30157509014470785,0.6984249098552922,0.30157509014470785,13,300,CACHE
"[91.22195180288034, 54.352791857328896, 0.2647604517091488]",5.96639884461696,-4.96639884461696,5.96639884461696,14,301,OK
"[178.8217117912343, 77.1534356610026, 0.2733245732607772]",0.29706076168162077,0.7029392383183792,0.29706076168162077,14,302,OK
"[178.8217117912343, 77.1534356610026, 0.27339821178511536]",0.2971099471434848,0.7028900528565152,0.2971099471434848,14,303,OK
"[180.22735784687524, 75.89254185945748, 0.2795492582232885]",0.2972657390415083,0.7027342609584917,0.2972657390415083,14,304,CACHE
"[180.22626276282043, 75.8816514027262, 0.2752195039634615]",0.2989357060758605,0.7010642939241395,0.2989357060758605,14,305,CACHE
"[180.22365829027356, 77.13413524331844, 0.27936354293317317]",0.3015449470148963,0.6984550529851037,0.3015449470148963,14,306,OK
"[180.22692268692262, 77.14254520427133, 0.2793402394918417]",0.3014664750543937,0.6985335249456063,0.3014664750543937,14,307,OK
"[174.8438589511002, 78.8076868226309, 0.24456282026032422]",0.3035239338206013,0.6964760661793987,0.3035239338206013,14,308,OK
"[178.81619204227874, 78.70448217625878, 0.2676286555654625]",0.3030213920429967,0.6969786079570033,0.3030213920429967,14,309,OK
"[174.8583877558657, 79.10303097549935, 0.24676048915403936]",0.3040651872693947,0.6959348127306053,0.3040651872693947,14,310,OK
"[174.8533625000817, 77.26003877369298, 0.2444534041624738]",0.3059498398175633,0.6940501601824367,0.3059498398175633,14,311,OK
"[178.76334034859224, 75.84991217447157, 0.2445589617590439]",0.3267076197475147,0.6732923802524853,0.3267076197475147,14,312,OK
"[174.80924495650493, 77.21721585709344, 0.2736475356055533]",0.30664104470627684,0.6933589552937232,0.30664104470627684,14,313,OK
"[180.22626276282043, 75.8816514027262, 0.2795901485459592]",0.29710511586461175,0.7028948841353883,0.29710511586461175,14,314,CACHE
"[180.22626276282043, 75.8816514027262, 0.2795901485459592]",0.29710511586461175,0.7028948841353883,0.29710511586461175,14,315,CACHE
